x	color	mean	l95	u95
1	#CCCF00	4.228852383381842	3.9087207435336664	4.548984023230017
2	#EEBB77	0.9020368647196245	0.817163443075374	0.986910286363875
