protein	peptide	labeled	n	mean	prop_above_lloq	is_prnp	disp	above_lloq	color	gene	cortex	cerebellum	reported_halflife
CAPZA2	DIQDSLTVSNEVQTAK	yes	6	0.5875358116790244	0.16666666666666666	FALSE	below LLOQ	0	#C9C9C9	Capza2	9.74703912504935	9.64836901965446	9.697704072351904
CRKL	TALALEVGDIVK	yes	6	0.6668027792947187	0	FALSE	below LLOQ	0	#C9C9C9	Crkl	6.32332439531727	5.90262611991297	6.11297525761512
DC1L1	LYGFPYK	yes	6	0.6780649029969931	0	FALSE	below LLOQ	0	#C9C9C9	Dync1li1	5.48843943606262	6.05673581293432	5.77258762449847
DCTN3	ALLEGYNK	yes	6	0.6013379394329039	0.5	FALSE	OK	1	#000000	Dctn3	5.5638638349787	6.36624133064013	5.965052582809415
EMC7	VLVDGEEHVGFLK	yes	6	0.7668835120620182	0	FALSE	below LLOQ	0	#C9C9C9	Emc7	2.37619244815668	2.63112499490555	2.503658721531115
HMOX2	ETLEDGLPVHDGK	yes	6	0.6818528063889093	0.8333333333333334	FALSE	OK	1	#000000	Hmox2	4.45403097094705	4.73342489528283	4.59372793311494
MAP2K1	ISELGAGNGGVVFK	yes	6	0.7428173614016444	0.16666666666666666	FALSE	below LLOQ	0	#C9C9C9	Map2k1	7.33090055168716	6.91016942161327	7.120534986650215
MAP7	EQQILEK	yes	6	0.6346257962706939	0.8333333333333334	FALSE	OK	1	#000000	Map7d2	3.02742181695542	3.59183975913415	3.3096307880447853
MARE3	QGQDVAPPPNPGDQIFNK	yes	6	0.4961344753107282	0	FALSE	below LLOQ	0	#C9C9C9	Mapre3	8.37685707494735	7.47954269018337	7.928199882565361
NCAM2	EVLNAETIEIK	yes	6	0.08839304203010909	0.16666666666666666	FALSE	below LLOQ	0	#C9C9C9	Ncam2	12.7312037440765	10.4965043721814	11.61385405812895
NCAM2	VSNDIIQSK	yes	6	0.3546911499614969	0	FALSE	below LLOQ	0	#C9C9C9	Ncam2	12.7312037440765	10.4965043721814	11.61385405812895
SCRN1	DEAWVLETVGK	yes	6	0.4153678362182323	0	FALSE	below LLOQ	0	#C9C9C9	Scrn1	7.67824974866649	8.23238851924751	7.9553191339569995
UBC12	DINELNLPK	yes	6	0.6429275043474292	1	FALSE	OK	1	#000000	Ube2m	6.50076659221114	5.93371833275084	6.21724246248099
VIGLN	LGQALTEVYAK	yes	6	0.5350323972482484	0.8333333333333334	FALSE	OK	1	#000000	Hdlbp	2.77776134411612	2.52711956146586	2.65244045279099
