genotype	explanation	tissue	peptide	x	color	pep_color	short	mean	l95	u95
C57BL/6N	WT	brain	GENFTETDVK	0	#CCCF00	#849cb5	GENF	19233857.5	17929567.453907765	20538147.546092235
C57BL/6N	WT	brain	VVEQMCVTQYQK	4	#CCCF00	#e5b6b6	VVEQ	84500370.16666667	63826555.99014799	105174184.34318535
C57BL/6N	WT	colon	GENFTETDVK	8	#EEBB77	#849cb5	GENF	466335.1666666667	368703.0663373027	563967.2669960307
C57BL/6N	WT	colon	VVEQMCVTQYQK	12	#EEBB77	#e5b6b6	VVEQ	365237.3333333333	156110.89208994404	574363.7745767226
Tg25109 het; ZH3/ZH3	HuPrP	brain	GENFTETDVK	3	#CCCF00	#849cb5	GENF	9795029.5	7847324.024217138	11742734.975782862
Tg25109 het; ZH3/ZH3	HuPrP	colon	GENFTETDVK	11	#EEBB77	#849cb5	GENF	262494	220858.21985672635	304129.78014327365
Tga20 het	Tga20	brain	GENFTETDVK	1	#CCCF00	#849cb5	GENF	58833940.833333336	52651021.25464058	65016860.41202609
Tga20 het	Tga20	brain	VVEQMCVTQYQK	5	#CCCF00	#e5b6b6	VVEQ	311594454	253578957.70829853	369609950.29170144
Tga20 het	Tga20	colon	GENFTETDVK	9	#EEBB77	#849cb5	GENF	3044069.3333333335	2243073.4392849933	3845065.2273816736
Tga20 het	Tga20	colon	VVEQMCVTQYQK	13	#EEBB77	#e5b6b6	VVEQ	1848715.8333333333	927008.8691818768	2770422.79748479
ZH3/+	het KO	brain	GENFTETDVK	2	#CCCF00	#849cb5	GENF	11078570.166666666	10688317.887798056	11468822.445535276
ZH3/+	het KO	brain	VVEQMCVTQYQK	6	#CCCF00	#e5b6b6	VVEQ	49554974.5	41649708.57535778	57460240.42464222
ZH3/+	het KO	colon	GENFTETDVK	10	#EEBB77	#849cb5	GENF	575464.3333333334	77066.24493240798	1073862.4217342588
ZH3/+	het KO	colon	VVEQMCVTQYQK	14	#EEBB77	#e5b6b6	VVEQ	731698.1666666666	-224594.28903192817	1687990.6223652614
