tissue	peptide	lloq_ratio
brain	ALLEGYNK	0.029358197870325498
brain	DEAWVLETVGK	0.6454351620164293
brain	DINELNLPK	0.019913040997402338
brain	DIQDSLTVSNEVQTAK	0.024279161417917056
brain	EQQILEK	0.019366551680054387
brain	ETLEDGLPVHDGK	0.009466497195597126
brain	EVLNAETIEIK	0.0057256013499556845
brain	GENFTETDVK	0.014841384726478916
brain	ISELGAGNGGVVFK	0.007091879459785482
brain	ITNHEDGSPVNEPNETTPLTEPEK	0.16225777845098494
brain	LGQALTEVYAK	0.11358792287519306
brain	LYGFPYK	0.8597132857213253
brain	QGQDVAPPPNPGDQIFNK	0.07986918662963016
brain	QHTVTTTTK	51.336385704556726
brain	TALALEVGDIVK	4.985664594064981
brain	VLVDGEEHVGFLK	0.7056839595193671
brain	VSNDIIQSK	0.04533362237885454
brain	VTDLQGDLTK	0.022146722168132436
brain	VVEQMCVTQYQK	0.0014116999068978827
colon	ALLEGYNK	0.45277463302159
colon	DEAWVLETVGK	850.3655289887073
colon	DINELNLPK	0.052979880326713705
colon	DIQDSLTVSNEVQTAK	1.3749185679348117
colon	EQQILEK	0.2980232102735349
colon	ETLEDGLPVHDGK	0.09117938839671784
colon	EVLNAETIEIK	4.382328503920652
colon	GENFTETDVK	0.2763547451243799
colon	ISELGAGNGGVVFK	0.9185314465546702
colon	LGQALTEVYAK	0.08035365108552531
colon	LYGFPYK	3.044594538689163
colon	QGQDVAPPPNPGDQIFNK	4.221779600413215
colon	QHTVTTTTK	6335.987992385414
colon	TALALEVGDIVK	100.67506208043811
colon	VLVDGEEHVGFLK	8.93428103905407
colon	VSNDIIQSK	3.594857161326666
colon	VTDLQGDLTK	2.474079467895492
colon	VVEQMCVTQYQK	0.16213645787761777
