tx	day	rna_mean	rna_l95	rna_u95	prp_mean	prp_l95	prp_u95
ASO6	1	0.4580020035	0.4168707896501289	0.49913321734987104	1.0536122151275946	0.8956987945493431	1.2115256357058461
ASO6	3	0.32246737366666667	0.3120180976624451	0.33291664967088824	0.8187296055645221	0.7589054200071672	0.878553791121877
ASO6	7	0.35430564566666667	0.323563277445549	0.3850480138877843	0.8136382730663787	0.6386390153055107	0.9886375308272467
ASO6	10	0.32665204933333336	0.3112055527070041	0.3420985459596626	0.5290525275660698	0.4839035459155973	0.5742015092165422
ASO6	14	0.2732072925	0.25288692288224984	0.2935276621177501	0.4099647143519009	0.35273845650514735	0.46719097219865446
ASO6	21	0.297535251	0.28138510265301636	0.31368539934698364	0.31215674317633346	0.24170471783132325	0.3826087685213437
ASO6	28	0.28209813733333333	0.25561110385899255	0.3085851708076741	0.3522306024582744	0.2931715604295726	0.41128964448697625
