x	color	genotype	mean	l95	u95
1	#545454	WT	1	0.937882068215544	1.062117931784456
2	#78AB46	Tga20	2.424210380050194	2.2705771711154807	2.577843588984907
