x	tube_x	offset	color	tube_size	genotype	mean	l95	u95
0.8	1	-0.2	#00A7CD	2	WT	48.602000000000004	46.869927363078	50.33407263692201
1.2	1	0.2	#FBC74A	2	KO	6.723	6.454403877282435	6.9915961227175645
1.8	2	-0.2	#00A7CD	7	WT	14.371	3.8577878383485125	24.88421216165149
2.2	2	0.2	#FBC74A	7	KO	4.545333333333334	3.419007363550983	5.671659303115685
