gene	peptide	lloq
CAPZA2	DIQDSLTVSNEVQTAK	128742.33333333333
CRKL	TALALEVGDIVK	45873481.333333336
DC1L1	LYGFPYK	4550576.333333333
DCTN3	ALLEGYNK	189037.33333333334
EMC7	VLVDGEEHVGFLK	2303187.6666666665
HMOX2	ETLEDGLPVHDGK	42033.333333333336
MAP7	EQQILEK	60241.666666666664
MAP2K1	ISELGAGNGGVVFK	104732.33333333333
MARE3	QGQDVAPPPNPGDQIFNK	1960966.6666666667
NCAM2	EVLNAETIEIK	56260.333333333336
NCAM2	ITNHEDGSPVNEPNETTPLTEPEK	109263.33333333333
NCAM2	VSNDIIQSK	259516.33333333334
PRNP	VVEQMCVTQYQK	32675.333333333332
PRNP	GENFTETDVK	74332.33333333333
PRNP	QHTVTTTTK	7211410.333333333
SCRN1	DEAWVLETVGK	2246524
UBC12	DINELNLPK	262088.33333333334
VIGLN	LGQALTEVYAK	274777.6666666667
WDR47	VTDLQGDLTK	151763.33333333334
