nominal	area	istd_area	response_ratio	back_calc_ng_ml
1	50793.3319558362	14817235.5686518	0.0034279897704601195	1.11117055611719
2	81142.1819177654	15225302.0511698	0.005329430026744923	1.84044096737
5	214154.998617707	15627877.5362786	0.013703396262260628	5.05215681287531
20	744106.378354166	16589965.9700817	0.04485279714835374	16.9990672242833
50	1972985.61466915	15171267.4234545	0.1300475141331271	49.6742912218265
100	3819094.82972635	15421893.3683642	0.24764111244347434	94.7756461116423
